Berat,Albania
Gjirokaster,Albania
Bruges,Belgium
Ghent,Belgium
Prague,Czech Republic
Copenhagen,Denmark
Bath,England
Cotswolds,England
York,England
Tallinn,Estonia
Colmar,France
Menton,France
Paris,France
Sighnaghi,Georgia
Tbilisi,Georgia
Berlin,Germany
Corfu,Greece
Nafplio,Greece
Paros,Greece
Tinos,Greece
Budapest,Hungary
Dingle,Ireland
Enniskerry,Ireland
Galway,Ireland
Howth,Ireland
Florence,Italy
Rome,Italy
Verona,Italy
Kuldīga,Latvia
Riga,Latvia
Vilnius,Lithuania
Kotor,Montenegro
Ohrid,North Macedonia
Douro Valley,Portugal
Lisbon,Portugal
Porto,Portugal
Óbidos,Portugal
Brașov,Romania
Sighișoara,Romania
Edinburgh,Scotland
Plockton,Scotland
Bled,Slovenia
Ljubljana,Slovenia
Barcelona,Spain
Costa Brava,Spain
Granada,Spain
Mallorca,Spain
San Sebastián,Spain
Seville,Spain
Vitoria-Gasteiz,Spain
